{
  "mean": [
    51.50122576331625,
    51.52930688656118,
    51.49476264764876,
    51.470024515266324,
    51.48562513929129,
    51.466235792288835,
    51.53331847559617,
    51.45063516826387,
    51.462558502340094,
    51.486850902607536,
    51.514263427679964,
    51.47693336304881,
    51.4804992199688,
    51.51482059282371,
    51.4791620236238,
    51.493425451303764,
    51.50334299086249,
    51.47336750612882,
    51.520280811232446,
    51.46166703811009,
    51.47659906396256,
    51.47225317584132,
    51.49531981279251,
    51.45342099398262
  ],
  "scale": [
    2.2420273655533074,
    2.226198735009859,
    2.2366224118718017,
    2.23031558785256,
    2.2172673064679613,
    2.232733302306189,
    2.205801500653412,
    2.2115806235399353,
    2.228690778712217,
    2.208298478793261,
    2.2288346377313153,
    2.2199564203772955,
    2.248395098161942,
    2.248951142531226,
    2.2379012128484645,
    2.2145886645507065,
    2.213173973309571,
    2.217304727229581,
    2.2120511174563187,
    2.206566104062351,
    2.191650123900496,
    2.21600915440514,
    2.2457845867511,
    2.2244896339235893
  ],
  "sequence_length": 24
}